絵画 - kebab med tre pepperoni	カイガ - kebab med tre pepperoni
絵画 - de_aztec	カイガ - de_aztec
絵画 - Albanian	カイガ - Albanian
絵画 - Target Successfully Bombed	カイガ - Target Successfully Bombed
絵画 - Paradistrad	カイガ - Paradistrad
絵画 - Wasteland	カイガ - Wasteland
絵画 - Wanderer	カイガ - Wanderer
絵画 - Graham	カイガ - Graham
絵画 - The Pool	カイガ - The Pool
絵画 - Bonjour Monsieur Courbet	カイガ - Bonjour Monsieur Courbet
絵画 - Seaside	カイガ - Seaside
絵画 - sunset_dense	カイガ - sunset_dense
絵画 - Creebet	カイガ - Creebet
絵画 - Match	カイガ - Match
絵画 - Bust	カイガ - Bust
絵画 - The Stage Is Set	カイガ - The Stage Is Set
絵画 - The void	カイガ - The void
絵画 - Skull and Roses	カイガ - Skull and Roses
絵画 - Wither	カイガ - Wither
絵画 - Fighters	カイガ - Fighters
絵画 - Mortal Coil	カイガ - Mortal Coil
絵画 - Kong	カイガ - Kong
絵画 - Pointer	カイガ - Pointer
絵画 - Pigscene	カイガ - Pigscene
絵画 - Skull On Fire	カイガ - Skull On Fire
TNT	TNT
TNT付きトロッコ	TNTツキトロッコ
レコード - cat	レコード - cat
レコード - blocks	レコード - blocks
レコード - chirp	レコード - chirp
レコード - far	レコード - far
レコード - mall	レコード - mall
レコード - mellohi	レコード - mellohi
レコード - stal	レコード - stal
レコード - strad	レコード - strad
レコード - ward	レコード - ward
レコード - wait	レコード - wait
レコード - otherside	レコード - otherside
レコード - Pigstep	レコード - Pigstep
レコード - Relic	レコード - Relic
空気 (Cave air)	クウキ (Cave air)
空気 (Void air)	クウキ (Void air)
Piston arm collision	Piston arm collision
Sticky piston arm collision	Sticky piston arm collision
金ブロック	キンブロック